{"aaap1": {"1": {"disc_loss": 54.896549621600705, "gen_loss": 0.03024346732651355, "val_loss": 0.5425504859768499}, "2": {"disc_loss": 0.12027826972083314, "gen_loss": 0.03297335128725255, "val_loss": 0.5467472808134586}, "3": {"disc_loss": 0.08355755233022041, "gen_loss": 0.03600924853815203, "val_loss": 0.5442157422717108}, "4": {"disc_loss": 0.046906460497692336, "gen_loss": 0.028917493213208835, "val_loss": 0.5310581651034569}, "5": {"disc_loss": 0.033794408056285016, "gen_loss": 0.029684496374927115, "val_loss": 0.5230590116645805}, "6": {"disc_loss": 0.018760523536779376, "gen_loss": 0.01783572970659705, "val_loss": 0.5192328166183243}, "7": {"disc_loss": 0.012389108482187402, "gen_loss": -0.001402918962103212, "val_loss": 0.5092756995969135}, "8": {"disc_loss": 0.006140084238251603, "gen_loss": 0.014062721158405162, "val_loss": 0.4617708475535099}, "9": {"disc_loss": 0.004293987878886012, "gen_loss": 0.0024912607723419074, "val_loss": 0.5036202697345336}, "10": {"disc_loss": 0.003401722083905587, "gen_loss": -0.05776398631071046, "val_loss": 0.5072079276059692}, "11": {"disc_loss": 0.002648309946424509, "gen_loss": -0.04123379538369822, "val_loss": 0.5002599139929368}, "12": {"disc_loss": 0.0019514700818646874, "gen_loss": 0.04509820332206896, "val_loss": 0.5031427672350683}, "13": {"disc_loss": 0.0012435720121650108, "gen_loss": 0.15006161525257325, "val_loss": 0.49183123898988623}, "14": {"disc_loss": 0.0008770302431172454, "gen_loss": 0.2397559904587655, "val_loss": 0.500791405430536}, "15": {"disc_loss": 0.00028206660923748824, "gen_loss": 0.26414075209514093, "val_loss": 0.5009423959944037}}, "aaap2": {"1": {"disc_loss": 41.484242457310536, "gen_loss": 0.0035274153715544048, "val_loss": 0.5263862584225666}, "2": {"disc_loss": 0.422113454746104, "gen_loss": 0.0018846275321779621, "val_loss": 0.5340803421453304}, "3": {"disc_loss": 0.016761162691338708, "gen_loss": -0.20306104500248948, "val_loss": 0.5144376138988365}, "4": {"disc_loss": 0.00677802427914221, "gen_loss": -0.20299746381081887, "val_loss": 0.5081594751325951}, "5": {"disc_loss": 0.0039015456723124065, "gen_loss": -0.15246245339000136, "val_loss": 0.49783424574006524}, "6": {"disc_loss": 0.0021564998131371428, "gen_loss": -0.2678718326600972, "val_loss": 0.49998800751269307}, "7": {"disc_loss": 0.001311248597413932, "gen_loss": -0.28792450449966045, "val_loss": 0.49582142583451655}, "8": {"disc_loss": 0.000738088648821403, "gen_loss": -0.30520441180822866, "val_loss": 0.4960291400075074}, "9": {"disc_loss": 0.0007976273986216425, "gen_loss": -0.3459177040032401, "val_loss": 0.4888464186428491}, "10": {"disc_loss": 0.0009219220124662311, "gen_loss": -0.35943423133861546, "val_loss": 0.49134564362952804}, "11": {"disc_loss": 0.0007046131147896648, "gen_loss": -0.37143421418570133, "val_loss": 0.4880623840297619}, "12": {"disc_loss": 0.0006257249198270737, "gen_loss": -0.3881829014010974, "val_loss": 0.48726541875726986}, "13": {"disc_loss": 0.0004884286961848392, "gen_loss": -0.43364328659133405, "val_loss": 0.4916735596311539}, "14": {"disc_loss": 0.0003696520448071976, "gen_loss": -0.42729176200975644, "val_loss": 0.49010946356486895}, "15": {"disc_loss": 0.0002049151689006133, "gen_loss": -0.4353494930592989, "val_loss": 0.4947923889915416}}, "aaap3": {"1": {"disc_loss": 38.83110745280803, "gen_loss": 0.003097470248275271, "val_loss": 0.5452826060101165}, "2": {"disc_loss": 0.09663496142596743, "gen_loss": 0.14193634229310034, "val_loss": 0.5334821901640434}, "3": {"disc_loss": 0.025967337367077056, "gen_loss": 0.36393647573098836, "val_loss": 0.5128577496962274}, "4": {"disc_loss": 0.014132663044746616, "gen_loss": 0.8002062777168308, "val_loss": 0.5058284041077354}, "5": {"disc_loss": 0.008888263170792804, "gen_loss": 0.9523847245222685, "val_loss": 0.5033540000487887}, "6": {"disc_loss": 0.006073274239961332, "gen_loss": 1.179684747183165, "val_loss": 0.5009631262759411}, "7": {"disc_loss": 0.003757200644633714, "gen_loss": 1.2565169612698208, "val_loss": 0.502992557763458}, "8": {"disc_loss": 0.003176431555511231, "gen_loss": 1.3240031520065092, "val_loss": 0.4993441248423759}, "9": {"disc_loss": 0.0018742907064155806, "gen_loss": 1.3175477043090278, "val_loss": 0.496154241084838}, "10": {"disc_loss": 0.0016208394669431543, "gen_loss": 1.424803299619662, "val_loss": 0.49503334985922043}, "11": {"disc_loss": 0.001201479750812988, "gen_loss": 1.4855455174943468, "val_loss": 0.5014585754735696}, "12": {"disc_loss": 0.0011863097402748817, "gen_loss": 1.5896002781509564, "val_loss": 0.4955254577278087}, "13": {"disc_loss": 0.0008483552607041375, "gen_loss": 1.4481007486384436, "val_loss": 0.5008763748786023}, "14": {"disc_loss": 0.0008689036964420931, "gen_loss": 1.3044142473415035, "val_loss": 0.4977290353425362}, "15": {"disc_loss": 0.000646295993502517, "gen_loss": 1.3863838990003068, "val_loss": 0.49779909569577946}}, "aaap4": {"1": {"disc_loss": 40.71905386992514, "gen_loss": -0.014631658020461211, "val_loss": 0.4919171884091966}, "2": {"disc_loss": 0.16734472809714845, "gen_loss": -0.16484618236523566, "val_loss": 0.5130965511810696}, "3": {"disc_loss": 0.032782440633892344, "gen_loss": -0.4628258818846862, "val_loss": 0.4999951428854024}, "4": {"disc_loss": 0.016632023590999183, "gen_loss": -0.36122413297856093, "val_loss": 0.5082992460267864}, "5": {"disc_loss": 0.009425389748859791, "gen_loss": -0.5072178262353733, "val_loss": 0.4970918530211169}, "6": {"disc_loss": 0.006237649160478918, "gen_loss": -0.5954975579550724, "val_loss": 0.48395606034942235}, "7": {"disc_loss": 0.004885386341335853, "gen_loss": -0.6751357739334864, "val_loss": 0.500484658294862}, "8": {"disc_loss": 0.004801187916182364, "gen_loss": -0.9918347126896808, "val_loss": 0.492902966371427}, "9": {"disc_loss": 0.005002934902102015, "gen_loss": -1.1132154384294883, "val_loss": 0.4931836963103782}, "10": {"disc_loss": 0.004616173384528525, "gen_loss": -0.7906982555788085, "val_loss": 0.47318996583000417}, "11": {"disc_loss": 0.004034799837770591, "gen_loss": -0.9847124344761798, "val_loss": 0.46960161800277694}, "12": {"disc_loss": 0.0038946630813960843, "gen_loss": -0.7902800499504765, "val_loss": 0.4685070076523365}, "13": {"disc_loss": 0.0038977067139082003, "gen_loss": -0.8456504855132261, "val_loss": 0.4602349873259326}, "14": {"disc_loss": 0.0036225103230274587, "gen_loss": -1.0727354829871891, "val_loss": 0.47757640531352774}, "15": {"disc_loss": 0.003544836234117165, "gen_loss": -1.1523211141986562, "val_loss": 0.4586689294612162}}, "aaap5": {"1": {"disc_loss": 81.13715449547425, "gen_loss": -0.001059113508660889, "val_loss": 0.5321435820831146}, "2": {"disc_loss": 0.10766484885050959, "gen_loss": -0.05613227752596776, "val_loss": 0.5384994931601047}, "3": {"disc_loss": 0.019396961920627544, "gen_loss": -0.04771440378076567, "val_loss": 0.5319939863159161}, "4": {"disc_loss": 0.009009681614180403, "gen_loss": -0.08983752409586782, "val_loss": 0.501498888522475}, "5": {"disc_loss": 0.005905495937988825, "gen_loss": -0.032652124655853175, "val_loss": 0.506938042295643}, "6": {"disc_loss": 0.003385018082421361, "gen_loss": 0.004561657856977144, "val_loss": 0.4967584064688298}, "7": {"disc_loss": 0.0020147256828984862, "gen_loss": 0.1143185173281598, "val_loss": 0.5037820233251347}, "8": {"disc_loss": 0.0006404249526160178, "gen_loss": 0.18730604061425127, "val_loss": 0.4989916192662554}, "9": {"disc_loss": 0.00015208048268764077, "gen_loss": 0.14497860863693798, "val_loss": 0.5087663749484184}, "10": {"disc_loss": -0.00013090220854551353, "gen_loss": 0.12771721070382547, "val_loss": 0.49761015638699135}, "11": {"disc_loss": -1.4126299896249732e-06, "gen_loss": 0.013862743525417361, "val_loss": 0.49695959377049875}, "12": {"disc_loss": 0.00041882644230804394, "gen_loss": 0.048251812087621734, "val_loss": 0.5002175751018946}, "13": {"disc_loss": 0.0003136195773067992, "gen_loss": 0.02464304407254796, "val_loss": 0.4961345387819458}, "14": {"disc_loss": 0.0004955226838698962,